{
	"items": [{
		"status": 0,
		"id": "1",
		"area": {
			"center": {
				"longitude": 10.40518,
				"latitude": 43.71735
			},
			"areaDesciption": "Ufficio desc",
			"name": "Ufficio",
			"radius": 60
		},
		"callbackClass": "GeoUniq.GeofenceRemoteObject",
		"expirationDate": "2018-11-14T13:45:38Z",
		"lastChangeStatusDate": "2018-11-14T13:45:38Z"
	}, {
		"status": 0,
		"id": "2",
		"area": {
			"center": {
				"longitude": 10.41238,
				"latitude": 43.721749
			},
			"areaDesciption": "Casa desc",
			"name": "casa",
			"radius": 70
		},
		"callbackClass": "GeoUniq.GeofenceRemoteObject",
		"expirationDate": "2018-11-14T13:45:38Z",
		"lastChangeStatusDate": "2018-11-12T07:44:03Z"
	}]
}
