{
	"items": [{
		"status": 0,
		"id": "3",
		"area": {
			"center": {
				"longitude": 10.413256,
				"latitude": 43.726410
			},
			"areaDesciption": "Cus desc",
			"name": "Cus",
			"radius": 100
		},
		"callbackClass": "GeoUniq.GeofenceRemoteObject",
		"expirationDate": "2018-11-14T13:45:38Z",
		"lastChangeStatusDate": "2018-11-14T13:45:38Z"
	}, {
		"status": 0,
		"id": "2",
		"area": {
			"center": {
				"longitude": 10.41238,
				"latitude": 43.721749
			},
			"areaDesciption": "Casa desc",
			"name": "casa",
			"radius": 70
		},
		"callbackClass": "GeoUniq.GeofenceRemoteObject",
		"expirationDate": "2018-11-14T13:45:38Z",
		"lastChangeStatusDate": "2018-11-12T07:44:03Z"
	}]
}
